evento,id_chamado,duracao_evento_dias,media_eventos,media_geral,fator_variacao,variacao_percentual
Carnaval,221,4,55.25,90.48082191780821,0.610626636992627,-38.9373363007373
Rock in Rio,633,7,90.42857142857143,90.48082191780821,0.999422524153414,-0.057747584658596196
Réveillon,135,6,22.5,90.48082191780821,0.24867148112821913,-75.13285188717809
